id,beta,c,thetaL,thetaH,uL,uH,,,qL,pL,qH,pH,seller_L,buyer_L,seller_H,buyer_H
1,0.5,1,2,4,0,0,,,0,0,4,8,0,0,4,0
2,0.9,1,2,4,0,0,,,0.790123457,1.777777778,4,6.222222222,0.987654321,0,2.222222222,1.777777778
3,0.1,1,2,4,0,0,,,0,0,4,8,0,0,4,0
4,0.7,1,2,4,0,0,,,0.326530612,1.142857143,4,6.857142857,0.816326531,0,2.857142857,1.142857143